{"cameraMode":{"drawMode":0,"name":"Shaded","section":"Shading Mode"},"sceneLighting":true,"audioPlay":false,"sceneViewState":{"m_AlwaysRefresh":false,"showFog":true,"showSkybox":true,"showFlares":true,"showImageEffects":true,"showParticleSystems":true,"showVisualEffectGraphs":true,"m_FxEnabled":true},"in2DMode":false,"pivot":{"x":-9.08073616027832,"y":20.62215232849121,"z":-14.908916473388672},"rotation":{"x":0.5574530363082886,"y":-0.0012532863765954972,"z":0.0008333150763064623,"w":0.8302171230316162},"size":51.31260299682617,"orthographic":false}